{"Model-5": {"BLEU-1": 1.9799999999999998, "BLEU-2": 14.071247279470288, "BLEU-3": 27.40939898890212, "BLEU-4": 37.51166122617111}}